chromosomeÿ,position,patientNucleotide,geneNucleotide,changeInNucleotide,snpDotColor
9,130800346,T,T,No Change ,Blues
7,140824928ÿ,A,A,No Change ,Blues
11,119283926ÿ,G,G,No Change ,Blues
1,36474661,G,A,A to G,Reds
2,25285223,A,A,No Change ,Blues
13,28051933,T,T,No Change ,Blues
3,128486306,C,C,No Change ,Blues
11,534765,G,G,No Change ,Blues
2,208251151,T,T,No Change ,Blues
11,69647781,A,A,No Change ,Blues
9,5056287,T,T,No Change ,Blues
4,54700715ÿ,C,C,No Change ,Blues
12,25210936,C,C,No Change ,Blues
1,43345311,C,C,No Change ,Blues
3,38140022ÿ,T,T,No Change ,Blues
5,171399127,A,A,No Change ,Blues
1,114710771,G,G,No Change ,Blues
12,112489913,T,T,No Change ,Blues
18,44939064,C,C,No Change ,Blues
2,197419566,T,T,No Change ,Blues
17,76736288,G,G,No Change ,Blues
21,43102710,A,A,No Change ,Blues
11,32419848,A,A,No Change ,Blues
20,32412323,A,A,No Change ,Blues
X,40127329,T,T,No Change ,Blues
19,12941534,C,C,No Change ,Blues
19,33301234,G,G,No Change ,Blues
12,11772628,T,T,No Change ,Blues
7,148845852,T,T,No Change ,Blues
7,50354585,C,C,No Change ,Blues
17,31238522,G,G,No Change ,Blues
X,134401022,A,T,T to A,Reds
17,1667748,G,G,No Change ,Blues
13,48451581,T,T,No Change ,Blues
21,35396234,C,C,No Change ,Blues
12,111428786,A,A,No Change ,Blues
X,124191438,A,A,No Change ,Blues
4,105209803ÿ,T,T,No Change ,Blues
17,7674665,T,T,No Change ,Blues
X,15803260ÿ,C,C,No Change ,Blues
9,130800346,G,G,No Change ,Blues
2,29521586,T,T,No Change ,Blues
18,63221737,C,C,No Change ,Blues
11,69647781,T,T,No Change ,Blues
16,3802890,G,G,No Change ,Blues
7,55115323,C,C,No Change ,Blues
8,38434525,A,A,No Change ,Blues
10,121538396,T,T,No Change ,Blues
16,31187491,A,A,No Change ,Blues
12,65895213,A,A,No Change ,Blues
11,118481661,T,T,No Change ,Blues
3,169373637,A,A,No Change ,Blues
7,116735291,T,T,No Change ,Blues
10,21634153,A,A,No Change ,Blues
9,20482094,T,T,No Change ,Blues
8,66588211,A,A,No Change ,Blues
16,15780082,G,G,No Change ,Blues
15,88058260,T,T,No Change ,Blues
9,131180125,A,A,No Change ,Blues
4,54263687,T,T,No Change ,Blues
5,150134856,G,G,No Change ,Blues
17,40333412,C,C,No Change ,Blues
1,110342594,T,T,No Change ,Blues
21,35396234,C,C,No Change ,Blues
19,1630948,A,A,No Change ,Blues
X,49036068,T,T,No Change ,Blues
8,103185515,G,T,T to G,Reds
3,169373637,T,T,No Change ,Blues
8,127739193,C,C,No Change ,Blues
X,53398439,A,A,No Change ,Blues
11,32411830,T,T,No Change ,Blues
12,123627086,G,G,No Change ,Blues
9,120772697,C,C,No Change ,Blues
1,35620534,T,T,No Change ,Blues
1,30998749,C,C,No Change ,Blues
6,28913495,A,A,No Change ,Blues
,,,,,
